model,time,training_time,testing_time,delta_time,emissions,dataset,encoding,num_slices,num_dimensions,accuracy
Wisard,2025-05-24 19:56:26,1.0669,0.9902,2.0570,,Statlog (Shuttle),Distributive,,,99.81
Wisard,2025-05-24 19:56:34,0.9642,0.9419,1.9060,,Statlog (Shuttle),Distributive,,,99.81
Wisard,2025-05-24 19:56:43,1.0209,0.9594,1.9803,,Statlog (Shuttle),Distributive,,,99.81
Wisard,2025-05-24 19:56:52,0.9808,0.9887,1.9695,,Statlog (Shuttle),Distributive,,,99.82
Wisard,2025-05-24 19:57:01,1.0381,0.9381,1.9762,,Statlog (Shuttle),Distributive,,,99.81
Wisard,2025-05-24 19:57:09,0.9886,0.9842,1.9728,,Statlog (Shuttle),Distributive,,,99.81
Wisard,2025-05-24 19:57:18,0.9813,0.9721,1.9534,,Statlog (Shuttle),Distributive,,,99.81
Wisard,2025-05-24 19:57:27,0.9840,0.9544,1.9385,,Statlog (Shuttle),Distributive,,,99.81
Wisard,2025-05-24 19:57:36,1.3536,1.1607,2.5143,,Statlog (Shuttle),Distributive,,,99.82
Wisard,2025-05-24 19:57:44,0.9649,0.9569,1.9218,,Statlog (Shuttle),Distributive,,,99.81
Wisard,2025-05-24 19:57:53,0.9257,0.9753,1.9011,,Statlog (Shuttle),Gaussian,,,99.84
Wisard,2025-05-24 19:58:01,0.9527,0.9409,1.8936,,Statlog (Shuttle),Gaussian,,,99.82
Wisard,2025-05-24 19:58:10,0.9925,0.9214,1.9139,,Statlog (Shuttle),Gaussian,,,99.84
Wisard,2025-05-24 19:58:19,0.9899,0.9391,1.9290,,Statlog (Shuttle),Gaussian,,,99.84
Wisard,2025-05-24 19:58:27,0.9448,0.9466,1.8914,,Statlog (Shuttle),Gaussian,,,99.84
Wisard,2025-05-24 19:58:36,0.9379,0.9447,1.8827,,Statlog (Shuttle),Gaussian,,,99.81
Wisard,2025-05-24 19:58:45,0.9551,0.9154,1.8705,,Statlog (Shuttle),Gaussian,,,99.83
Wisard,2025-05-24 19:58:53,0.9410,0.9415,1.8825,,Statlog (Shuttle),Gaussian,,,99.83
Wisard,2025-05-24 19:59:02,0.9394,0.9569,1.8963,,Statlog (Shuttle),Gaussian,,,99.84
Wisard,2025-05-24 19:59:10,1.0037,0.9840,1.9877,,Statlog (Shuttle),Gaussian,,,99.85
Wisard,2025-05-24 19:59:20,0.9886,2.0936,3.0822,,Statlog (Shuttle),Linear,,,98.15
Wisard,2025-05-24 19:59:30,0.9217,2.4386,3.3603,,Statlog (Shuttle),Linear,,,98.06
Wisard,2025-05-24 19:59:40,0.9906,2.9874,3.9780,,Statlog (Shuttle),Linear,,,96.48
Wisard,2025-05-24 19:59:50,0.8945,2.4773,3.3719,,Statlog (Shuttle),Linear,,,97.98
Wisard,2025-05-24 20:00:00,0.8903,1.4636,2.3539,,Statlog (Shuttle),Linear,,,99.38
Wisard,2025-05-24 20:00:09,0.9425,1.9257,2.8682,,Statlog (Shuttle),Linear,,,98.34
Wisard,2025-05-24 20:00:18,0.8914,1.4832,2.3745,,Statlog (Shuttle),Linear,,,98.49
Wisard,2025-05-24 20:00:28,1.3629,2.2999,3.6628,,Statlog (Shuttle),Linear,,,96.99
Wisard,2025-05-24 20:00:38,0.9752,1.9267,2.9019,,Statlog (Shuttle),Linear,,,97.75
Wisard,2025-05-24 20:00:48,0.9801,1.9468,2.9269,,Statlog (Shuttle),Linear,,,98.38
Wisard,2025-05-24 20:00:54,0.0010,0.0009,0.0018,,Ecoli,Distributive,,,83.78
Wisard,2025-05-24 20:00:59,0.0012,0.0010,0.0022,,Ecoli,Distributive,,,84.68
Wisard,2025-05-24 20:01:03,0.0010,0.0009,0.0018,,Ecoli,Distributive,,,81.98
Wisard,2025-05-24 20:01:07,0.0017,0.0012,0.0029,,Ecoli,Distributive,,,80.18
Wisard,2025-05-24 20:01:12,0.0010,0.0010,0.0019,,Ecoli,Distributive,,,85.59
Wisard,2025-05-24 20:01:16,0.0009,0.0009,0.0018,,Ecoli,Distributive,,,82.88
Wisard,2025-05-24 20:01:20,0.0009,0.0009,0.0019,,Ecoli,Distributive,,,81.08
Wisard,2025-05-24 20:01:25,0.0011,0.0011,0.0022,,Ecoli,Distributive,,,83.78
Wisard,2025-05-24 20:01:29,0.0009,0.0008,0.0017,,Ecoli,Distributive,,,80.18
Wisard,2025-05-24 20:01:34,0.0011,0.0009,0.0020,,Ecoli,Distributive,,,79.28
Wisard,2025-05-24 20:01:38,0.0012,0.0009,0.0022,,Ecoli,Gaussian,,,82.88
Wisard,2025-05-24 20:01:42,0.0010,0.0009,0.0020,,Ecoli,Gaussian,,,81.98
Wisard,2025-05-24 20:01:48,0.0009,0.0009,0.0018,,Ecoli,Gaussian,,,83.78
Wisard,2025-05-24 20:01:52,0.0017,0.0008,0.0025,,Ecoli,Gaussian,,,83.78
Wisard,2025-05-24 20:01:57,0.0011,0.0009,0.0020,,Ecoli,Gaussian,,,85.59
Wisard,2025-05-24 20:02:02,0.0013,0.0015,0.0027,,Ecoli,Gaussian,,,85.59
Wisard,2025-05-24 20:02:06,0.0011,0.0015,0.0026,,Ecoli,Gaussian,,,89.19
Wisard,2025-05-24 20:02:11,0.0009,0.0009,0.0018,,Ecoli,Gaussian,,,87.39
Wisard,2025-05-24 20:02:15,0.0011,0.0007,0.0018,,Ecoli,Gaussian,,,83.78
Wisard,2025-05-24 20:02:20,0.0013,0.0014,0.0027,,Ecoli,Gaussian,,,82.88
Wisard,2025-05-24 20:02:24,0.0011,0.0009,0.0020,,Ecoli,Linear,,,81.98
Wisard,2025-05-24 20:02:29,0.0011,0.0009,0.0019,,Ecoli,Linear,,,81.98
Wisard,2025-05-24 20:02:34,0.0009,0.0009,0.0019,,Ecoli,Linear,,,84.68
Wisard,2025-05-24 20:02:38,0.0010,0.0008,0.0018,,Ecoli,Linear,,,83.78
Wisard,2025-05-24 20:02:43,0.0010,0.0008,0.0019,,Ecoli,Linear,,,86.49
Wisard,2025-05-24 20:02:47,0.0009,0.0010,0.0019,,Ecoli,Linear,,,80.18
Wisard,2025-05-24 20:02:52,0.0017,0.0008,0.0025,,Ecoli,Linear,,,82.88
Wisard,2025-05-24 20:02:56,0.0009,0.0007,0.0016,,Ecoli,Linear,,,84.68
Wisard,2025-05-24 20:03:00,0.0010,0.0009,0.0019,,Ecoli,Linear,,,86.49
Wisard,2025-05-24 20:03:05,0.0009,0.0008,0.0017,,Ecoli,Linear,,,81.98
Wisard,2025-05-24 20:03:10,0.0004,0.0002,0.0006,,Iris,Distributive,,,94.0
Wisard,2025-05-24 20:03:15,0.0004,0.0002,0.0006,,Iris,Distributive,,,92.0
Wisard,2025-05-24 20:03:20,0.0003,0.0002,0.0005,,Iris,Distributive,,,94.0
Wisard,2025-05-24 20:03:24,0.0004,0.0001,0.0005,,Iris,Distributive,,,94.0
Wisard,2025-05-24 20:03:29,0.0003,0.0002,0.0005,,Iris,Distributive,,,96.0
Wisard,2025-05-24 20:03:33,0.0004,0.0002,0.0005,,Iris,Distributive,,,100.0
Wisard,2025-05-24 20:03:37,0.0004,0.0002,0.0005,,Iris,Distributive,,,96.0
Wisard,2025-05-24 20:03:42,0.0004,0.0002,0.0006,,Iris,Distributive,,,98.0
Wisard,2025-05-24 20:03:46,0.0004,0.0002,0.0005,,Iris,Distributive,,,96.0
Wisard,2025-05-24 20:03:51,0.0004,0.0002,0.0006,,Iris,Distributive,,,92.0
Wisard,2025-05-24 20:03:55,0.0004,0.0003,0.0008,,Iris,Gaussian,,,98.0
Wisard,2025-05-24 20:03:59,0.0003,0.0002,0.0005,,Iris,Gaussian,,,100.0
Wisard,2025-05-24 20:04:04,0.0004,0.0002,0.0006,,Iris,Gaussian,,,94.0
Wisard,2025-05-24 20:04:08,0.0005,0.0003,0.0009,,Iris,Gaussian,,,100.0
Wisard,2025-05-24 20:04:13,0.0004,0.0002,0.0005,,Iris,Gaussian,,,100.0
Wisard,2025-05-24 20:04:17,0.0004,0.0003,0.0007,,Iris,Gaussian,,,90.0
Wisard,2025-05-24 20:04:21,0.0003,0.0003,0.0006,,Iris,Gaussian,,,96.0
Wisard,2025-05-24 20:04:26,0.0004,0.0002,0.0005,,Iris,Gaussian,,,98.0
Wisard,2025-05-24 20:04:30,0.0005,0.0003,0.0009,,Iris,Gaussian,,,92.0
Wisard,2025-05-24 20:04:35,0.0004,0.0002,0.0005,,Iris,Gaussian,,,98.0
Wisard,2025-05-24 20:04:39,0.0005,0.0003,0.0008,,Iris,Linear,,,94.0
Wisard,2025-05-24 20:04:44,0.0004,0.0002,0.0005,,Iris,Linear,,,98.0
Wisard,2025-05-24 20:04:48,0.0004,0.0002,0.0006,,Iris,Linear,,,98.0
Wisard,2025-05-24 20:04:52,0.0003,0.0002,0.0005,,Iris,Linear,,,98.0
Wisard,2025-05-24 20:04:57,0.0004,0.0002,0.0005,,Iris,Linear,,,94.0
Wisard,2025-05-24 20:05:01,0.0004,0.0002,0.0006,,Iris,Linear,,,98.0
Wisard,2025-05-24 20:05:06,0.0005,0.0003,0.0009,,Iris,Linear,,,96.0
Wisard,2025-05-24 20:05:10,0.0004,0.0002,0.0005,,Iris,Linear,,,100.0
Wisard,2025-05-24 20:05:15,0.0005,0.0003,0.0008,,Iris,Linear,,,100.0
Wisard,2025-05-24 20:05:19,0.0005,0.0003,0.0009,,Iris,Linear,,,96.0
Wisard,2025-05-24 20:05:25,0.0397,0.0352,0.0750,,Wine Quality,Distributive,,,62.84
Wisard,2025-05-24 20:05:30,0.0335,0.0300,0.0635,,Wine Quality,Distributive,,,62.1
Wisard,2025-05-24 20:05:34,0.0281,0.0298,0.0579,,Wine Quality,Distributive,,,62.7
Wisard,2025-05-24 20:05:39,0.0442,0.0428,0.0871,,Wine Quality,Distributive,,,62.84
Wisard,2025-05-24 20:05:44,0.0378,0.0374,0.0753,,Wine Quality,Distributive,,,63.03
Wisard,2025-05-24 20:05:48,0.0289,0.0311,0.0601,,Wine Quality,Distributive,,,64.62
Wisard,2025-05-24 20:05:53,0.0381,0.0458,0.0838,,Wine Quality,Distributive,,,63.22
Wisard,2025-05-24 20:05:57,0.0311,0.0314,0.0625,,Wine Quality,Distributive,,,63.08
Wisard,2025-05-24 20:06:02,0.0394,0.0401,0.0795,,Wine Quality,Distributive,,,63.64
Wisard,2025-05-24 20:06:07,0.0287,0.0300,0.0587,,Wine Quality,Distributive,,,62.1
Wisard,2025-05-24 20:06:11,0.0423,0.0371,0.0794,,Wine Quality,Gaussian,,,62.98
Wisard,2025-05-24 20:06:16,0.0277,0.0299,0.0576,,Wine Quality,Gaussian,,,63.12
Wisard,2025-05-24 20:06:20,0.0408,0.0399,0.0807,,Wine Quality,Gaussian,,,62.75
Wisard,2025-05-24 20:06:25,0.0373,0.0380,0.0753,,Wine Quality,Gaussian,,,62.47
Wisard,2025-05-24 20:06:30,0.0274,0.0308,0.0583,,Wine Quality,Gaussian,,,62.0
Wisard,2025-05-24 20:06:34,0.0275,0.0300,0.0575,,Wine Quality,Gaussian,,,60.51
Wisard,2025-05-24 20:06:39,0.0280,0.0306,0.0585,,Wine Quality,Gaussian,,,62.19
Wisard,2025-05-24 20:06:43,0.0309,0.0317,0.0626,,Wine Quality,Gaussian,,,61.82
Wisard,2025-05-24 20:06:48,0.0274,0.0303,0.0577,,Wine Quality,Gaussian,,,62.28
Wisard,2025-05-24 20:06:52,0.0281,0.0297,0.0578,,Wine Quality,Gaussian,,,61.63
Wisard,2025-05-24 20:06:57,0.0364,0.0543,0.0908,,Wine Quality,Linear,,,48.81
Wisard,2025-05-24 20:07:02,0.0247,0.0494,0.0741,,Wine Quality,Linear,,,48.95
Wisard,2025-05-24 20:07:06,0.0347,0.0623,0.0969,,Wine Quality,Linear,,,47.93
Wisard,2025-05-24 20:07:11,0.0347,0.0561,0.0907,,Wine Quality,Linear,,,49.04
Wisard,2025-05-24 20:07:15,0.0282,0.0558,0.0840,,Wine Quality,Linear,,,48.58
Wisard,2025-05-24 20:07:20,0.0383,0.0778,0.1161,,Wine Quality,Linear,,,49.6
Wisard,2025-05-24 20:07:24,0.0245,0.0405,0.0649,,Wine Quality,Linear,,,50.68
Wisard,2025-05-24 20:07:29,0.0241,0.0454,0.0696,,Wine Quality,Linear,,,48.53
Wisard,2025-05-24 20:07:33,0.0318,0.0527,0.0845,,Wine Quality,Linear,,,48.76
Wisard,2025-05-24 20:07:38,0.0249,0.0575,0.0824,,Wine Quality,Linear,,,48.34
Wisard,2025-05-24 20:07:44,0.0088,0.0064,0.0152,,Statlog (Vehicle Silhouettes),Distributive,,,76.79
Wisard,2025-05-24 20:07:48,0.0061,0.0048,0.0109,,Statlog (Vehicle Silhouettes),Distributive,,,69.64
Wisard,2025-05-24 20:07:53,0.0085,0.0064,0.0149,,Statlog (Vehicle Silhouettes),Distributive,,,71.07
Wisard,2025-05-24 20:07:57,0.0062,0.0049,0.0110,,Statlog (Vehicle Silhouettes),Distributive,,,73.57
Wisard,2025-05-24 20:08:02,0.0078,0.0059,0.0137,,Statlog (Vehicle Silhouettes),Distributive,,,75.36
Wisard,2025-05-24 20:08:07,0.0059,0.0048,0.0108,,Statlog (Vehicle Silhouettes),Distributive,,,72.5
Wisard,2025-05-24 20:08:11,0.0051,0.0040,0.0091,,Statlog (Vehicle Silhouettes),Distributive,,,73.57
Wisard,2025-05-24 20:08:15,0.0087,0.0062,0.0149,,Statlog (Vehicle Silhouettes),Distributive,,,71.07
Wisard,2025-05-24 20:08:20,0.0081,0.0066,0.0147,,Statlog (Vehicle Silhouettes),Distributive,,,73.93
Wisard,2025-05-24 20:08:24,0.0085,0.0062,0.0147,,Statlog (Vehicle Silhouettes),Distributive,,,68.57
Wisard,2025-05-24 20:08:29,0.0071,0.0050,0.0121,,Statlog (Vehicle Silhouettes),Gaussian,,,70.71
Wisard,2025-05-24 20:08:33,0.0054,0.0044,0.0097,,Statlog (Vehicle Silhouettes),Gaussian,,,68.21
Wisard,2025-05-24 20:08:38,0.0084,0.0075,0.0160,,Statlog (Vehicle Silhouettes),Gaussian,,,69.64
Wisard,2025-05-24 20:08:42,0.0061,0.0048,0.0109,,Statlog (Vehicle Silhouettes),Gaussian,,,67.5
Wisard,2025-05-24 20:08:47,0.0060,0.0049,0.0109,,Statlog (Vehicle Silhouettes),Gaussian,,,71.07
Wisard,2025-05-24 20:08:51,0.0060,0.0049,0.0109,,Statlog (Vehicle Silhouettes),Gaussian,,,68.21
Wisard,2025-05-24 20:08:56,0.0060,0.0047,0.0106,,Statlog (Vehicle Silhouettes),Gaussian,,,74.29
Wisard,2025-05-24 20:09:00,0.0079,0.0060,0.0139,,Statlog (Vehicle Silhouettes),Gaussian,,,68.93
Wisard,2025-05-24 20:09:05,0.0079,0.0058,0.0138,,Statlog (Vehicle Silhouettes),Gaussian,,,71.79
Wisard,2025-05-24 20:09:09,0.0059,0.0045,0.0103,,Statlog (Vehicle Silhouettes),Gaussian,,,73.21
Wisard,2025-05-24 20:09:14,0.0058,0.0047,0.0105,,Statlog (Vehicle Silhouettes),Linear,,,67.5
Wisard,2025-05-24 20:09:18,0.0077,0.0062,0.0139,,Statlog (Vehicle Silhouettes),Linear,,,62.5
Wisard,2025-05-24 20:09:22,0.0077,0.0061,0.0137,,Statlog (Vehicle Silhouettes),Linear,,,66.07
Wisard,2025-05-24 20:09:27,0.0051,0.0043,0.0094,,Statlog (Vehicle Silhouettes),Linear,,,69.64
Wisard,2025-05-24 20:09:31,0.0055,0.0047,0.0102,,Statlog (Vehicle Silhouettes),Linear,,,65.0
Wisard,2025-05-24 20:09:36,0.0064,0.0056,0.0120,,Statlog (Vehicle Silhouettes),Linear,,,63.93
Wisard,2025-05-24 20:09:40,0.0054,0.0046,0.0100,,Statlog (Vehicle Silhouettes),Linear,,,65.36
Wisard,2025-05-24 20:09:45,0.0052,0.0045,0.0097,,Statlog (Vehicle Silhouettes),Linear,,,65.36
Wisard,2025-05-24 20:09:49,0.0074,0.0054,0.0128,,Statlog (Vehicle Silhouettes),Linear,,,65.36
Wisard,2025-05-24 20:09:53,0.0054,0.0043,0.0097,,Statlog (Vehicle Silhouettes),Linear,,,62.14
Wisard,2025-05-24 20:09:59,0.0024,0.0017,0.0041,,Maternal Health Risk,Distributive,,,77.91
Wisard,2025-05-24 20:10:03,0.0021,0.0015,0.0036,,Maternal Health Risk,Distributive,,,77.91
Wisard,2025-05-24 20:10:08,0.0022,0.0015,0.0037,,Maternal Health Risk,Distributive,,,76.42
Wisard,2025-05-24 20:10:12,0.0036,0.0020,0.0056,,Maternal Health Risk,Distributive,,,77.61
Wisard,2025-05-24 20:10:17,0.0025,0.0018,0.0043,,Maternal Health Risk,Distributive,,,75.82
Wisard,2025-05-24 20:10:21,0.0037,0.0022,0.0058,,Maternal Health Risk,Distributive,,,75.52
Wisard,2025-05-24 20:10:25,0.0032,0.0023,0.0055,,Maternal Health Risk,Distributive,,,75.52
Wisard,2025-05-24 20:10:30,0.0024,0.0015,0.0040,,Maternal Health Risk,Distributive,,,75.22
Wisard,2025-05-24 20:10:34,0.0032,0.0022,0.0054,,Maternal Health Risk,Distributive,,,77.61
Wisard,2025-05-24 20:10:38,0.0024,0.0015,0.0039,,Maternal Health Risk,Distributive,,,75.52
Wisard,2025-05-24 20:10:43,0.0032,0.0020,0.0052,,Maternal Health Risk,Gaussian,,,73.73
Wisard,2025-05-24 20:10:47,0.0031,0.0024,0.0054,,Maternal Health Risk,Gaussian,,,77.01
Wisard,2025-05-24 20:10:52,0.0032,0.0023,0.0054,,Maternal Health Risk,Gaussian,,,77.31
Wisard,2025-05-24 20:10:56,0.0023,0.0015,0.0038,,Maternal Health Risk,Gaussian,,,75.22
Wisard,2025-05-24 20:11:01,0.0034,0.0027,0.0061,,Maternal Health Risk,Gaussian,,,74.63
Wisard,2025-05-24 20:11:05,0.0030,0.0021,0.0051,,Maternal Health Risk,Gaussian,,,75.22
Wisard,2025-05-24 20:11:09,0.0021,0.0016,0.0037,,Maternal Health Risk,Gaussian,,,74.03
Wisard,2025-05-24 20:11:14,0.0033,0.0024,0.0057,,Maternal Health Risk,Gaussian,,,74.63
Wisard,2025-05-24 20:11:18,0.0021,0.0016,0.0037,,Maternal Health Risk,Gaussian,,,74.33
Wisard,2025-05-24 20:11:23,0.0037,0.0029,0.0066,,Maternal Health Risk,Gaussian,,,75.52
Wisard,2025-05-24 20:11:27,0.0026,0.0017,0.0043,,Maternal Health Risk,Linear,,,72.54
Wisard,2025-05-24 20:11:32,0.0025,0.0019,0.0044,,Maternal Health Risk,Linear,,,71.64
Wisard,2025-05-24 20:11:36,0.0022,0.0020,0.0042,,Maternal Health Risk,Linear,,,70.45
Wisard,2025-05-24 20:11:41,0.0022,0.0019,0.0041,,Maternal Health Risk,Linear,,,68.06
Wisard,2025-05-24 20:11:45,0.0022,0.0018,0.0041,,Maternal Health Risk,Linear,,,71.04
Wisard,2025-05-24 20:11:50,0.0030,0.0024,0.0055,,Maternal Health Risk,Linear,,,70.15
Wisard,2025-05-24 20:11:54,0.0023,0.0019,0.0042,,Maternal Health Risk,Linear,,,71.94
Wisard,2025-05-24 20:11:58,0.0022,0.0019,0.0041,,Maternal Health Risk,Linear,,,72.84
Wisard,2025-05-24 20:12:03,0.0022,0.0019,0.0041,,Maternal Health Risk,Linear,,,71.64
Wisard,2025-05-24 20:12:07,0.0023,0.0016,0.0039,,Maternal Health Risk,Linear,,,70.75
Wisard,2025-05-24 20:12:13,0.0055,0.0037,0.0092,,Glass Identification,Distributive,,,80.28
Wisard,2025-05-24 20:12:17,0.0061,0.0044,0.0104,,Glass Identification,Distributive,,,78.87
Wisard,2025-05-24 20:12:22,0.0047,0.0036,0.0083,,Glass Identification,Distributive,,,78.87
Wisard,2025-05-24 20:12:26,0.0052,0.0037,0.0089,,Glass Identification,Distributive,,,77.46
Wisard,2025-05-24 20:12:31,0.0063,0.0036,0.0099,,Glass Identification,Distributive,,,78.87
Wisard,2025-05-24 20:12:35,0.0051,0.0038,0.0089,,Glass Identification,Distributive,,,77.46
Wisard,2025-05-24 20:12:39,0.0073,0.0054,0.0126,,Glass Identification,Distributive,,,74.65
Wisard,2025-05-24 20:12:44,0.0053,0.0039,0.0092,,Glass Identification,Distributive,,,78.87
Wisard,2025-05-24 20:12:48,0.0052,0.0037,0.0088,,Glass Identification,Distributive,,,78.87
Wisard,2025-05-24 20:12:53,0.0052,0.0037,0.0090,,Glass Identification,Distributive,,,80.28
Wisard,2025-05-24 20:12:57,0.0053,0.0037,0.0090,,Glass Identification,Gaussian,,,76.06
Wisard,2025-05-24 20:13:02,0.0051,0.0040,0.0091,,Glass Identification,Gaussian,,,77.46
Wisard,2025-05-24 20:13:06,0.0069,0.0046,0.0115,,Glass Identification,Gaussian,,,78.87
Wisard,2025-05-24 20:13:11,0.0051,0.0038,0.0089,,Glass Identification,Gaussian,,,78.87
Wisard,2025-05-24 20:13:15,0.0050,0.0037,0.0088,,Glass Identification,Gaussian,,,76.06
Wisard,2025-05-24 20:13:19,0.0053,0.0038,0.0091,,Glass Identification,Gaussian,,,73.24
Wisard,2025-05-24 20:13:24,0.0046,0.0035,0.0080,,Glass Identification,Gaussian,,,80.28
Wisard,2025-05-24 20:13:28,0.0057,0.0039,0.0097,,Glass Identification,Gaussian,,,77.46
Wisard,2025-05-24 20:13:33,0.0045,0.0036,0.0080,,Glass Identification,Gaussian,,,77.46
Wisard,2025-05-24 20:13:37,0.0065,0.0049,0.0114,,Glass Identification,Gaussian,,,78.87
Wisard,2025-05-24 20:13:41,0.0048,0.0034,0.0082,,Glass Identification,Linear,,,64.79
Wisard,2025-05-24 20:13:46,0.0067,0.0049,0.0116,,Glass Identification,Linear,,,69.01
Wisard,2025-05-24 20:13:50,0.0048,0.0036,0.0084,,Glass Identification,Linear,,,71.83
Wisard,2025-05-24 20:13:55,0.0048,0.0036,0.0084,,Glass Identification,Linear,,,70.42
Wisard,2025-05-24 20:13:59,0.0047,0.0038,0.0085,,Glass Identification,Linear,,,69.01
Wisard,2025-05-24 20:14:04,0.0048,0.0036,0.0084,,Glass Identification,Linear,,,70.42
Wisard,2025-05-24 20:14:08,0.0046,0.0044,0.0090,,Glass Identification,Linear,,,76.06
Wisard,2025-05-24 20:14:12,0.0055,0.0047,0.0102,,Glass Identification,Linear,,,71.83
Wisard,2025-05-24 20:14:17,0.0048,0.0038,0.0085,,Glass Identification,Linear,,,70.42
Wisard,2025-05-24 20:14:21,0.0048,0.0038,0.0086,,Glass Identification,Linear,,,73.24
Wisard,2025-05-24 20:17:25,27.8849,51.9671,79.8520,,MNIST,Distributive,,,95.34
Wisard,2025-05-24 20:19:39,27.4142,51.9133,79.3275,,MNIST,Distributive,,,95.48
Wisard,2025-05-24 20:21:43,26.8012,51.8508,78.6521,,MNIST,Distributive,,,95.44
Wisard,2025-05-24 20:23:55,27.0998,51.1971,78.2969,,MNIST,Distributive,,,95.42
Wisard,2025-05-24 20:26:10,27.8545,51.0247,78.8792,,MNIST,Distributive,,,95.5
Wisard,2025-05-24 20:28:23,27.9434,50.6927,78.6361,,MNIST,Distributive,,,95.36
Wisard,2025-05-24 20:30:27,27.1921,52.7434,79.9355,,MNIST,Distributive,,,95.6
Wisard,2025-05-24 20:32:45,27.5569,54.6610,82.2179,,MNIST,Distributive,,,95.44
Wisard,2025-05-24 20:35:07,28.2210,54.7894,83.0104,,MNIST,Distributive,,,95.45
Wisard,2025-05-24 20:37:19,27.6910,50.5311,78.2221,,MNIST,Distributive,,,95.45
Wisard,2025-05-24 20:39:22,27.0393,47.1450,74.1844,,MNIST,Gaussian,,,94.88
Wisard,2025-05-24 20:41:28,26.7785,43.7257,70.5042,,MNIST,Gaussian,,,94.86
Wisard,2025-05-24 20:43:40,26.5063,46.7625,73.2688,,MNIST,Gaussian,,,94.67
Wisard,2025-05-24 20:45:50,27.2781,47.2595,74.5376,,MNIST,Gaussian,,,94.73
Wisard,2025-05-24 20:47:48,26.4834,45.3930,71.8764,,MNIST,Gaussian,,,94.74
Wisard,2025-05-24 20:49:55,26.1820,45.2767,71.4586,,MNIST,Gaussian,,,94.87
Wisard,2025-05-24 20:52:09,27.7119,46.0759,73.7877,,MNIST,Gaussian,,,94.63
Wisard,2025-05-24 20:54:19,26.3037,47.4155,73.7192,,MNIST,Gaussian,,,94.79
Wisard,2025-05-24 20:56:24,27.7906,49.3480,77.1385,,MNIST,Gaussian,,,94.81
Wisard,2025-05-24 20:58:34,26.9221,46.6622,73.5843,,MNIST,Gaussian,,,94.73
Wisard,2025-05-24 21:00:46,27.9176,51.7471,79.6647,,MNIST,Linear,,,95.81
Wisard,2025-05-24 21:03:03,27.8751,53.0020,80.8771,,MNIST,Linear,,,95.39
Wisard,2025-05-24 21:05:12,27.9698,53.4728,81.4426,,MNIST,Linear,,,95.51
Wisard,2025-05-24 21:07:30,28.7104,52.5904,81.3008,,MNIST,Linear,,,95.42
Wisard,2025-05-24 21:09:46,27.9365,51.6673,79.6037,,MNIST,Linear,,,95.53
Wisard,2025-05-24 21:12:04,27.8742,51.9497,79.8239,,MNIST,Linear,,,95.47
Wisard,2025-05-24 21:14:12,28.7213,53.5841,82.3055,,MNIST,Linear,,,95.42
Wisard,2025-05-24 21:16:29,27.4183,53.1999,80.6182,,MNIST,Linear,,,95.56
Wisard,2025-05-24 21:18:51,28.1823,53.4686,81.6509,,MNIST,Linear,,,95.59
Wisard,2025-05-24 21:21:05,27.6242,51.5607,79.1848,,MNIST,Linear,,,95.35
Wisard,2025-05-24 21:21:18,0.1536,0.1755,0.3292,,Optical Recognition of Handwritten Digits,Distributive,,,95.8
Wisard,2025-05-24 21:21:24,0.1461,0.1777,0.3238,,Optical Recognition of Handwritten Digits,Distributive,,,95.96
Wisard,2025-05-24 21:21:30,0.1555,0.1760,0.3315,,Optical Recognition of Handwritten Digits,Distributive,,,95.53
Wisard,2025-05-24 21:21:36,0.1559,0.1695,0.3254,,Optical Recognition of Handwritten Digits,Distributive,,,95.69
Wisard,2025-05-24 21:21:41,0.1497,0.1834,0.3331,,Optical Recognition of Handwritten Digits,Distributive,,,95.58
Wisard,2025-05-24 21:21:47,0.1463,0.1788,0.3250,,Optical Recognition of Handwritten Digits,Distributive,,,95.69
Wisard,2025-05-24 21:21:53,0.1478,0.1878,0.3355,,Optical Recognition of Handwritten Digits,Distributive,,,95.8
Wisard,2025-05-24 21:21:59,0.1417,0.1742,0.3159,,Optical Recognition of Handwritten Digits,Distributive,,,95.31
Wisard,2025-05-24 21:22:04,0.1589,0.1842,0.3431,,Optical Recognition of Handwritten Digits,Distributive,,,95.85
Wisard,2025-05-24 21:22:10,0.1545,0.2017,0.3562,,Optical Recognition of Handwritten Digits,Distributive,,,95.36
Wisard,2025-05-24 21:22:16,0.1505,0.1784,0.3290,,Optical Recognition of Handwritten Digits,Gaussian,,,97.2
Wisard,2025-05-24 21:22:22,0.1848,0.2114,0.3962,,Optical Recognition of Handwritten Digits,Gaussian,,,96.6
Wisard,2025-05-24 21:22:28,0.1486,0.2120,0.3606,,Optical Recognition of Handwritten Digits,Gaussian,,,96.5
Wisard,2025-05-24 21:22:33,0.1533,0.1876,0.3410,,Optical Recognition of Handwritten Digits,Gaussian,,,96.33
Wisard,2025-05-24 21:22:39,0.1608,0.1833,0.3441,,Optical Recognition of Handwritten Digits,Gaussian,,,96.66
Wisard,2025-05-24 21:22:45,0.1458,0.1826,0.3285,,Optical Recognition of Handwritten Digits,Gaussian,,,96.6
Wisard,2025-05-24 21:22:51,0.2096,0.2214,0.4310,,Optical Recognition of Handwritten Digits,Gaussian,,,96.71
Wisard,2025-05-24 21:22:57,0.1436,0.1839,0.3276,,Optical Recognition of Handwritten Digits,Gaussian,,,96.93
Wisard,2025-05-24 21:23:02,0.1438,0.1793,0.3231,,Optical Recognition of Handwritten Digits,Gaussian,,,96.71
Wisard,2025-05-24 21:23:08,0.1495,0.1840,0.3335,,Optical Recognition of Handwritten Digits,Gaussian,,,97.3
Wisard,2025-05-24 21:23:14,0.1569,0.1929,0.3497,,Optical Recognition of Handwritten Digits,Linear,,,97.3
Wisard,2025-05-24 21:23:20,0.1447,0.1806,0.3253,,Optical Recognition of Handwritten Digits,Linear,,,96.93
Wisard,2025-05-24 21:23:25,0.1513,0.1839,0.3352,,Optical Recognition of Handwritten Digits,Linear,,,97.14
Wisard,2025-05-24 21:23:31,0.1594,0.1909,0.3503,,Optical Recognition of Handwritten Digits,Linear,,,97.04
Wisard,2025-05-24 21:23:37,0.1450,0.1936,0.3387,,Optical Recognition of Handwritten Digits,Linear,,,96.71
Wisard,2025-05-24 21:23:43,0.1912,0.2119,0.4032,,Optical Recognition of Handwritten Digits,Linear,,,97.14
Wisard,2025-05-24 21:23:49,0.1530,0.1858,0.3388,,Optical Recognition of Handwritten Digits,Linear,,,97.04
Wisard,2025-05-24 21:23:55,0.1507,0.1774,0.3280,,Optical Recognition of Handwritten Digits,Linear,,,97.04
Wisard,2025-05-24 21:24:01,0.1441,0.1799,0.3240,,Optical Recognition of Handwritten Digits,Linear,,,97.52
Wisard,2025-05-24 21:24:06,0.1588,0.1929,0.3517,,Optical Recognition of Handwritten Digits,Linear,,,97.14
Wisard,2025-05-24 21:24:13,0.0016,0.0017,0.0033,,Image Segmentation,Distributive,,,87.14
Wisard,2025-05-24 21:24:18,0.0016,0.0015,0.0031,,Image Segmentation,Distributive,,,82.86
Wisard,2025-05-24 21:24:23,0.0025,0.0020,0.0045,,Image Segmentation,Distributive,,,80.0
Wisard,2025-05-24 21:24:29,0.0018,0.0014,0.0032,,Image Segmentation,Distributive,,,91.43
Wisard,2025-05-24 21:24:34,0.0019,0.0014,0.0033,,Image Segmentation,Distributive,,,84.29
Wisard,2025-05-24 21:24:39,0.0017,0.0015,0.0032,,Image Segmentation,Distributive,,,84.29
Wisard,2025-05-24 21:24:44,0.0022,0.0021,0.0043,,Image Segmentation,Distributive,,,85.71
Wisard,2025-05-24 21:24:50,0.0025,0.0015,0.0040,,Image Segmentation,Distributive,,,88.57
Wisard,2025-05-24 21:24:55,0.0018,0.0015,0.0034,,Image Segmentation,Distributive,,,82.86
Wisard,2025-05-24 21:25:00,0.0023,0.0020,0.0044,,Image Segmentation,Distributive,,,85.71
Wisard,2025-05-24 21:25:06,0.0015,0.0015,0.0030,,Image Segmentation,Gaussian,,,81.43
Wisard,2025-05-24 21:25:11,0.0018,0.0015,0.0033,,Image Segmentation,Gaussian,,,82.86
Wisard,2025-05-24 21:25:16,0.0022,0.0023,0.0044,,Image Segmentation,Gaussian,,,81.43
Wisard,2025-05-24 21:25:21,0.0043,0.0021,0.0063,,Image Segmentation,Gaussian,,,84.29
Wisard,2025-05-24 21:25:27,0.0023,0.0022,0.0044,,Image Segmentation,Gaussian,,,85.71
Wisard,2025-05-24 21:25:32,0.0016,0.0015,0.0031,,Image Segmentation,Gaussian,,,85.71
Wisard,2025-05-24 21:25:37,0.0018,0.0013,0.0031,,Image Segmentation,Gaussian,,,81.43
Wisard,2025-05-24 21:25:43,0.0027,0.0019,0.0046,,Image Segmentation,Gaussian,,,85.71
Wisard,2025-05-24 21:25:48,0.0018,0.0013,0.0031,,Image Segmentation,Gaussian,,,87.14
Wisard,2025-05-24 21:25:54,0.0020,0.0021,0.0041,,Image Segmentation,Gaussian,,,81.43
Wisard,2025-05-24 21:25:59,0.0018,0.0013,0.0032,,Image Segmentation,Linear,,,80.0
Wisard,2025-05-24 21:26:04,0.0015,0.0015,0.0030,,Image Segmentation,Linear,,,82.86
Wisard,2025-05-24 21:26:10,0.0019,0.0014,0.0033,,Image Segmentation,Linear,,,84.29
Wisard,2025-05-24 21:26:15,0.0019,0.0017,0.0036,,Image Segmentation,Linear,,,81.43
Wisard,2025-05-24 21:26:20,0.0043,0.0013,0.0056,,Image Segmentation,Linear,,,78.57
Wisard,2025-05-24 21:26:28,0.0027,0.0011,0.0038,,Image Segmentation,Linear,,,87.14
Wisard,2025-05-24 21:26:33,0.0014,0.0012,0.0025,,Image Segmentation,Linear,,,82.86
Wisard,2025-05-24 21:26:39,0.0018,0.0015,0.0033,,Image Segmentation,Linear,,,80.0
Wisard,2025-05-24 21:26:44,0.0017,0.0015,0.0032,,Image Segmentation,Linear,,,85.71
Wisard,2025-05-24 21:26:49,0.0017,0.0015,0.0031,,Image Segmentation,Linear,,,81.43
Wisard,2025-05-24 21:29:11,0.4084,132.9714,133.3798,,Statlog (Shuttle),Scatter Code,10,50,78.97
Wisard,2025-05-24 21:31:30,0.3757,132.0079,132.3836,,Statlog (Shuttle),Scatter Code,10,50,78.97
Wisard,2025-05-24 21:33:55,0.4069,138.3796,138.7865,,Statlog (Shuttle),Scatter Code,10,50,78.97
Wisard,2025-05-24 21:36:17,0.3773,135.8426,136.2199,,Statlog (Shuttle),Scatter Code,10,50,78.97
Wisard,2025-05-24 21:38:38,0.3946,134.1335,134.5282,,Statlog (Shuttle),Scatter Code,10,50,78.97
Wisard,2025-05-24 21:40:59,0.4403,134.1027,134.5430,,Statlog (Shuttle),Scatter Code,10,50,78.97
Wisard,2025-05-24 21:43:20,0.3815,134.4582,134.8397,,Statlog (Shuttle),Scatter Code,10,50,78.97
Wisard,2025-05-24 21:45:39,0.3877,132.5400,132.9277,,Statlog (Shuttle),Scatter Code,10,50,78.97
Wisard,2025-05-24 21:48:00,0.3803,134.4337,134.8140,,Statlog (Shuttle),Scatter Code,10,50,78.97
Wisard,2025-05-24 21:50:20,0.3841,133.2947,133.6788,,Statlog (Shuttle),Scatter Code,10,50,78.97
Wisard,2025-05-24 21:50:26,0.0026,0.0022,0.0048,,Ecoli,Scatter Code,10,50,87.39
Wisard,2025-05-24 21:50:31,0.0027,0.0022,0.0049,,Ecoli,Scatter Code,10,50,81.08
Wisard,2025-05-24 21:50:37,0.0034,0.0030,0.0064,,Ecoli,Scatter Code,10,50,86.49
Wisard,2025-05-24 21:50:42,0.0034,0.0025,0.0059,,Ecoli,Scatter Code,10,50,87.39
Wisard,2025-05-24 21:50:47,0.0025,0.0022,0.0047,,Ecoli,Scatter Code,10,50,84.68
Wisard,2025-05-24 21:50:53,0.0033,0.0025,0.0058,,Ecoli,Scatter Code,10,50,86.49
Wisard,2025-05-24 21:50:58,0.0021,0.0017,0.0038,,Ecoli,Scatter Code,10,50,87.39
Wisard,2025-05-24 21:51:03,0.0025,0.0022,0.0047,,Ecoli,Scatter Code,10,50,89.19
Wisard,2025-05-24 21:51:08,0.0021,0.0018,0.0039,,Ecoli,Scatter Code,10,50,83.78
Wisard,2025-05-24 21:51:13,0.0026,0.0022,0.0048,,Ecoli,Scatter Code,10,50,86.49
Wisard,2025-05-24 21:51:19,0.0008,0.0004,0.0012,,Iris,Scatter Code,10,50,98.0
Wisard,2025-05-24 21:51:24,0.0008,0.0003,0.0011,,Iris,Scatter Code,10,50,98.0
Wisard,2025-05-24 21:51:30,0.0008,0.0005,0.0012,,Iris,Scatter Code,10,50,98.0
Wisard,2025-05-24 21:51:35,0.0011,0.0004,0.0015,,Iris,Scatter Code,10,50,98.0
Wisard,2025-05-24 21:51:40,0.0012,0.0007,0.0018,,Iris,Scatter Code,10,50,100.0
Wisard,2025-05-24 21:51:45,0.0010,0.0007,0.0017,,Iris,Scatter Code,10,50,98.0
Wisard,2025-05-24 21:51:50,0.0007,0.0003,0.0010,,Iris,Scatter Code,10,50,98.0
Wisard,2025-05-24 21:51:56,0.0007,0.0007,0.0014,,Iris,Scatter Code,10,50,98.0
Wisard,2025-05-24 21:52:01,0.0007,0.0004,0.0012,,Iris,Scatter Code,10,50,98.0
Wisard,2025-05-24 21:52:06,0.0008,0.0004,0.0012,,Iris,Scatter Code,10,50,100.0
Wisard,2025-05-24 21:52:15,0.1030,1.8746,1.9777,,Wine Quality,Scatter Code,10,50,38.93
Wisard,2025-05-24 21:52:22,0.0668,1.5902,1.6570,,Wine Quality,Scatter Code,10,50,44.29
Wisard,2025-05-24 21:52:30,0.0682,1.7858,1.8540,,Wine Quality,Scatter Code,10,50,44.43
Wisard,2025-05-24 21:52:37,0.0926,1.7499,1.8425,,Wine Quality,Scatter Code,10,50,40.42
Wisard,2025-05-24 21:52:44,0.0892,1.5957,1.6849,,Wine Quality,Scatter Code,10,50,39.16
Wisard,2025-05-24 21:52:51,0.0695,1.6890,1.7586,,Wine Quality,Scatter Code,10,50,40.65
Wisard,2025-05-24 21:52:58,0.1087,1.9078,2.0165,,Wine Quality,Scatter Code,10,50,44.34
Wisard,2025-05-24 21:53:05,0.0687,1.3909,1.4597,,Wine Quality,Scatter Code,10,50,42.94
Wisard,2025-05-24 21:53:12,0.0685,1.4839,1.5524,,Wine Quality,Scatter Code,10,50,41.45
Wisard,2025-05-24 21:53:19,0.0699,1.6886,1.7585,,Wine Quality,Scatter Code,10,50,41.54
Wisard,2025-05-24 21:53:26,0.0205,0.1844,0.2049,,Statlog (Vehicle Silhouettes),Scatter Code,10,50,20.0
Wisard,2025-05-24 21:53:31,0.0140,0.1876,0.2016,,Statlog (Vehicle Silhouettes),Scatter Code,10,50,20.0
Wisard,2025-05-24 21:53:37,0.0152,0.1672,0.1824,,Statlog (Vehicle Silhouettes),Scatter Code,10,50,20.0
Wisard,2025-05-24 21:53:42,0.0202,0.2236,0.2438,,Statlog (Vehicle Silhouettes),Scatter Code,10,50,20.0
Wisard,2025-05-24 21:53:47,0.0198,0.1848,0.2046,,Statlog (Vehicle Silhouettes),Scatter Code,10,50,20.0
Wisard,2025-05-24 21:53:53,0.0152,0.1702,0.1854,,Statlog (Vehicle Silhouettes),Scatter Code,10,50,20.0
Wisard,2025-05-24 21:53:58,0.0230,0.1701,0.1931,,Statlog (Vehicle Silhouettes),Scatter Code,10,50,20.0
Wisard,2025-05-24 21:54:04,0.0145,0.1676,0.1821,,Statlog (Vehicle Silhouettes),Scatter Code,10,50,20.0
Wisard,2025-05-24 21:54:09,0.0193,0.1751,0.1943,,Statlog (Vehicle Silhouettes),Scatter Code,10,50,20.0
Wisard,2025-05-24 21:54:14,0.0172,0.1722,0.1894,,Statlog (Vehicle Silhouettes),Scatter Code,10,50,20.0
Wisard,2025-05-24 21:54:21,0.0072,0.0102,0.0174,,Maternal Health Risk,Scatter Code,10,50,61.79
Wisard,2025-05-24 21:54:26,0.0092,0.0094,0.0186,,Maternal Health Risk,Scatter Code,10,50,61.19
Wisard,2025-05-24 21:54:31,0.0061,0.0089,0.0149,,Maternal Health Risk,Scatter Code,10,50,64.78
Wisard,2025-05-24 21:54:36,0.0079,0.0124,0.0203,,Maternal Health Risk,Scatter Code,10,50,61.79
Wisard,2025-05-24 21:54:42,0.0058,0.0087,0.0145,,Maternal Health Risk,Scatter Code,10,50,60.9
Wisard,2025-05-24 21:54:47,0.0061,0.0097,0.0159,,Maternal Health Risk,Scatter Code,10,50,64.48
Wisard,2025-05-24 21:54:52,0.0077,0.0121,0.0199,,Maternal Health Risk,Scatter Code,10,50,61.79
Wisard,2025-05-24 21:54:57,0.0083,0.0122,0.0205,,Maternal Health Risk,Scatter Code,10,50,63.28
Wisard,2025-05-24 21:55:02,0.0082,0.0151,0.0232,,Maternal Health Risk,Scatter Code,10,50,61.49
Wisard,2025-05-24 21:55:08,0.0063,0.0085,0.0148,,Maternal Health Risk,Scatter Code,10,50,63.58
Wisard,2025-05-24 21:55:14,0.0019,0.0058,0.0077,,Glass Identification,Scatter Code,10,50,32.39
Wisard,2025-05-24 21:55:19,0.0049,0.0054,0.0103,,Glass Identification,Scatter Code,10,50,33.8
Wisard,2025-05-24 21:55:24,0.0022,0.0054,0.0076,,Glass Identification,Scatter Code,10,50,33.8
Wisard,2025-05-24 21:55:29,0.0020,0.0056,0.0076,,Glass Identification,Scatter Code,10,50,33.8
Wisard,2025-05-24 21:55:35,0.0027,0.0072,0.0099,,Glass Identification,Scatter Code,10,50,32.39
Wisard,2025-05-24 21:55:40,0.0029,0.0079,0.0108,,Glass Identification,Scatter Code,10,50,33.8
Wisard,2025-05-24 21:55:45,0.0022,0.0059,0.0080,,Glass Identification,Scatter Code,10,50,35.21
Wisard,2025-05-24 21:55:50,0.0029,0.0094,0.0123,,Glass Identification,Scatter Code,10,50,36.62
Wisard,2025-05-24 21:55:55,0.0019,0.0049,0.0069,,Glass Identification,Scatter Code,10,50,33.8
Wisard,2025-05-24 21:56:01,0.0026,0.0080,0.0106,,Glass Identification,Scatter Code,10,50,32.39
Wisard,2025-05-24 22:02:15,79.1014,158.3962,237.4976,,MNIST,Scatter Code,10,50,95.45
Wisard,2025-05-24 22:08:21,82.4143,157.0294,239.4437,,MNIST,Scatter Code,10,50,95.44
Wisard,2025-05-24 22:14:43,79.6179,160.6564,240.2743,,MNIST,Scatter Code,10,50,95.33
Wisard,2025-05-24 22:20:55,79.7185,163.9808,243.6993,,MNIST,Scatter Code,10,50,95.53
Wisard,2025-05-24 22:26:49,81.4708,161.8692,243.3400,,MNIST,Scatter Code,10,50,95.45
Wisard,2025-05-24 22:33:02,80.8845,158.9942,239.8786,,MNIST,Scatter Code,10,50,95.47
Wisard,2025-05-24 22:39:22,80.8828,160.1224,241.0052,,MNIST,Scatter Code,10,50,95.4
Wisard,2025-05-24 22:45:32,79.6107,159.3755,238.9862,,MNIST,Scatter Code,10,50,95.48
Wisard,2025-05-24 22:51:15,79.6565,155.0703,234.7268,,MNIST,Scatter Code,10,50,95.43
Wisard,2025-05-24 22:57:34,81.0330,163.2740,244.3070,,MNIST,Scatter Code,10,50,95.35
Wisard,2025-05-24 22:57:57,0.4485,0.5438,0.9923,,Optical Recognition of Handwritten Digits,Scatter Code,10,50,97.79
Wisard,2025-05-24 22:58:05,0.4186,0.5112,0.9298,,Optical Recognition of Handwritten Digits,Scatter Code,10,50,97.68
Wisard,2025-05-24 22:58:12,0.5319,0.5453,1.0772,,Optical Recognition of Handwritten Digits,Scatter Code,10,50,98.01
Wisard,2025-05-24 22:58:20,0.4067,0.4884,0.8951,,Optical Recognition of Handwritten Digits,Scatter Code,10,50,97.9
Wisard,2025-05-24 22:58:27,0.4112,0.5108,0.9220,,Optical Recognition of Handwritten Digits,Scatter Code,10,50,97.68
Wisard,2025-05-24 22:58:35,0.3987,0.5713,0.9700,,Optical Recognition of Handwritten Digits,Scatter Code,10,50,97.95
Wisard,2025-05-24 22:58:42,0.3958,0.5040,0.8999,,Optical Recognition of Handwritten Digits,Scatter Code,10,50,97.47
Wisard,2025-05-24 22:58:50,0.4082,0.5155,0.9237,,Optical Recognition of Handwritten Digits,Scatter Code,10,50,97.74
Wisard,2025-05-24 22:58:57,0.4123,0.5193,0.9317,,Optical Recognition of Handwritten Digits,Scatter Code,10,50,97.47
Wisard,2025-05-24 22:59:05,0.4274,0.4933,0.9207,,Optical Recognition of Handwritten Digits,Scatter Code,10,50,97.79
Wisard,2025-05-24 22:59:12,0.0058,0.0084,0.0142,,Image Segmentation,Scatter Code,10,50,42.86
Wisard,2025-05-24 22:59:18,0.0040,0.0056,0.0097,,Image Segmentation,Scatter Code,10,50,42.86
Wisard,2025-05-24 22:59:24,0.0054,0.0072,0.0126,,Image Segmentation,Scatter Code,10,50,44.29
Wisard,2025-05-24 22:59:30,0.0045,0.0103,0.0148,,Image Segmentation,Scatter Code,10,50,45.71
Wisard,2025-05-24 22:59:36,0.0041,0.0059,0.0100,,Image Segmentation,Scatter Code,10,50,50.0
Wisard,2025-05-24 22:59:42,0.0054,0.0076,0.0131,,Image Segmentation,Scatter Code,10,50,44.29
Wisard,2025-05-24 22:59:47,0.0049,0.0073,0.0123,,Image Segmentation,Scatter Code,10,50,52.86
Wisard,2025-05-24 22:59:54,0.0052,0.0068,0.0119,,Image Segmentation,Scatter Code,10,50,47.14
Wisard,2025-05-24 23:00:00,0.0062,0.0091,0.0154,,Image Segmentation,Scatter Code,10,50,48.57
Wisard,2025-05-24 23:00:06,0.0040,0.0080,0.0119,,Image Segmentation,Scatter Code,10,50,48.57
Wisard,2025-05-24 23:02:32,0.4349,136.5658,137.0007,,Statlog (Shuttle),Scatter Code,50,50,78.97
Wisard,2025-05-24 23:04:52,0.4024,133.2881,133.6905,,Statlog (Shuttle),Scatter Code,50,50,78.96
Wisard,2025-05-24 23:07:15,0.3961,134.9042,135.3003,,Statlog (Shuttle),Scatter Code,50,50,78.97
Wisard,2025-05-24 23:09:37,0.3852,134.9651,135.3503,,Statlog (Shuttle),Scatter Code,50,50,78.98
Wisard,2025-05-24 23:11:58,0.4122,134.0496,134.4618,,Statlog (Shuttle),Scatter Code,50,50,78.97
Wisard,2025-05-24 23:14:17,0.4241,132.1678,132.5919,,Statlog (Shuttle),Scatter Code,50,50,78.98
Wisard,2025-05-24 23:16:38,0.4132,134.3410,134.7542,,Statlog (Shuttle),Scatter Code,50,50,78.98
Wisard,2025-05-24 23:18:58,0.3973,132.6705,133.0678,,Statlog (Shuttle),Scatter Code,50,50,78.96
Wisard,2025-05-24 23:21:16,0.4036,131.7850,132.1886,,Statlog (Shuttle),Scatter Code,50,50,78.98
Wisard,2025-05-24 23:23:37,0.3909,133.9906,134.3814,,Statlog (Shuttle),Scatter Code,50,50,78.97
Wisard,2025-05-24 23:23:44,0.0036,0.0026,0.0062,,Ecoli,Scatter Code,50,50,85.59
Wisard,2025-05-24 23:23:49,0.0028,0.0022,0.0049,,Ecoli,Scatter Code,50,50,81.98
Wisard,2025-05-24 23:23:54,0.0027,0.0022,0.0049,,Ecoli,Scatter Code,50,50,85.59
Wisard,2025-05-24 23:24:00,0.0026,0.0021,0.0047,,Ecoli,Scatter Code,50,50,87.39
Wisard,2025-05-24 23:24:05,0.0034,0.0027,0.0061,,Ecoli,Scatter Code,50,50,81.98
Wisard,2025-05-24 23:24:11,0.0026,0.0021,0.0048,,Ecoli,Scatter Code,50,50,83.78
Wisard,2025-05-24 23:24:16,0.0035,0.0029,0.0064,,Ecoli,Scatter Code,50,50,88.29
Wisard,2025-05-24 23:24:22,0.0042,0.0035,0.0077,,Ecoli,Scatter Code,50,50,84.68
Wisard,2025-05-24 23:24:27,0.0026,0.0091,0.0117,,Ecoli,Scatter Code,50,50,84.68
Wisard,2025-05-24 23:24:33,0.0033,0.0028,0.0061,,Ecoli,Scatter Code,50,50,85.59
Wisard,2025-05-24 23:24:39,0.0011,0.0004,0.0015,,Iris,Scatter Code,50,50,96.0
Wisard,2025-05-24 23:24:45,0.0010,0.0003,0.0013,,Iris,Scatter Code,50,50,96.0
Wisard,2025-05-24 23:24:50,0.0008,0.0004,0.0012,,Iris,Scatter Code,50,50,98.0
Wisard,2025-05-24 23:24:55,0.0008,0.0007,0.0015,,Iris,Scatter Code,50,50,98.0
Wisard,2025-05-24 23:25:01,0.0008,0.0004,0.0012,,Iris,Scatter Code,50,50,98.0
Wisard,2025-05-24 23:25:06,0.0008,0.0004,0.0012,,Iris,Scatter Code,50,50,98.0
Wisard,2025-05-24 23:25:12,0.0011,0.0007,0.0017,,Iris,Scatter Code,50,50,94.0
Wisard,2025-05-24 23:25:17,0.0008,0.0004,0.0012,,Iris,Scatter Code,50,50,98.0
Wisard,2025-05-24 23:25:22,0.0008,0.0004,0.0012,,Iris,Scatter Code,50,50,98.0
Wisard,2025-05-24 23:25:28,0.0007,0.0004,0.0011,,Iris,Scatter Code,50,50,100.0
Wisard,2025-05-24 23:25:36,0.0590,0.9258,0.9848,,Wine Quality,Scatter Code,50,50,37.16
Wisard,2025-05-24 23:25:43,0.0659,1.0815,1.1474,,Wine Quality,Scatter Code,50,50,44.1
Wisard,2025-05-24 23:25:49,0.0645,1.1389,1.2034,,Wine Quality,Scatter Code,50,50,38.09
Wisard,2025-05-24 23:25:56,0.0656,1.1084,1.1741,,Wine Quality,Scatter Code,50,50,40.75
Wisard,2025-05-24 23:26:03,0.0730,1.1030,1.1760,,Wine Quality,Scatter Code,50,50,40.75
Wisard,2025-05-24 23:26:09,0.0644,0.9783,1.0427,,Wine Quality,Scatter Code,50,50,42.38
Wisard,2025-05-24 23:26:16,0.0615,1.3372,1.3986,,Wine Quality,Scatter Code,50,50,41.68
Wisard,2025-05-24 23:26:23,0.0653,1.0936,1.1589,,Wine Quality,Scatter Code,50,50,39.07
Wisard,2025-05-24 23:26:30,0.0675,1.0207,1.0882,,Wine Quality,Scatter Code,50,50,42.89
Wisard,2025-05-24 23:26:37,0.0779,0.9859,1.0639,,Wine Quality,Scatter Code,50,50,42.84
Wisard,2025-05-24 23:26:44,0.0190,0.1714,0.1903,,Statlog (Vehicle Silhouettes),Scatter Code,50,50,20.0
Wisard,2025-05-24 23:26:49,0.0188,0.2176,0.2364,,Statlog (Vehicle Silhouettes),Scatter Code,50,50,20.0
Wisard,2025-05-24 23:26:55,0.0149,0.1711,0.1859,,Statlog (Vehicle Silhouettes),Scatter Code,50,50,20.0
Wisard,2025-05-24 23:27:01,0.0334,0.2456,0.2790,,Statlog (Vehicle Silhouettes),Scatter Code,50,50,20.0
Wisard,2025-05-24 23:27:06,0.0148,0.1661,0.1809,,Statlog (Vehicle Silhouettes),Scatter Code,50,50,20.0
Wisard,2025-05-24 23:27:12,0.0163,0.1713,0.1876,,Statlog (Vehicle Silhouettes),Scatter Code,50,50,20.0
Wisard,2025-05-24 23:27:18,0.0171,0.1746,0.1917,,Statlog (Vehicle Silhouettes),Scatter Code,50,50,20.0
Wisard,2025-05-24 23:27:23,0.0143,0.1717,0.1860,,Statlog (Vehicle Silhouettes),Scatter Code,50,50,20.0
Wisard,2025-05-24 23:27:29,0.0196,0.2541,0.2738,,Statlog (Vehicle Silhouettes),Scatter Code,50,50,20.0
Wisard,2025-05-24 23:27:35,0.0191,0.1712,0.1903,,Statlog (Vehicle Silhouettes),Scatter Code,50,50,20.0
Wisard,2025-05-24 23:27:41,0.0069,0.0101,0.0170,,Maternal Health Risk,Scatter Code,50,50,65.67
Wisard,2025-05-24 23:27:47,0.0060,0.0053,0.0113,,Maternal Health Risk,Scatter Code,50,50,63.58
Wisard,2025-05-24 23:27:52,0.0057,0.0057,0.0114,,Maternal Health Risk,Scatter Code,50,50,61.79
Wisard,2025-05-24 23:27:58,0.0062,0.0059,0.0120,,Maternal Health Risk,Scatter Code,50,50,69.25
Wisard,2025-05-24 23:28:03,0.0063,0.0096,0.0159,,Maternal Health Risk,Scatter Code,50,50,58.51
Wisard,2025-05-24 23:28:09,0.0070,0.0074,0.0144,,Maternal Health Risk,Scatter Code,50,50,65.07
Wisard,2025-05-24 23:28:14,0.0058,0.0049,0.0108,,Maternal Health Risk,Scatter Code,50,50,64.48
Wisard,2025-05-24 23:28:19,0.0056,0.0061,0.0117,,Maternal Health Risk,Scatter Code,50,50,63.88
Wisard,2025-05-24 23:28:25,0.0078,0.0081,0.0159,,Maternal Health Risk,Scatter Code,50,50,65.37
Wisard,2025-05-24 23:28:30,0.0059,0.0058,0.0117,,Maternal Health Risk,Scatter Code,50,50,67.46
Wisard,2025-05-24 23:28:37,0.0045,0.0038,0.0082,,Glass Identification,Scatter Code,50,50,57.75
Wisard,2025-05-24 23:28:42,0.0026,0.0036,0.0063,,Glass Identification,Scatter Code,50,50,57.75
Wisard,2025-05-24 23:28:48,0.0022,0.0028,0.0050,,Glass Identification,Scatter Code,50,50,56.34
Wisard,2025-05-24 23:28:53,0.0022,0.0041,0.0063,,Glass Identification,Scatter Code,50,50,56.34
Wisard,2025-05-24 23:28:59,0.0022,0.0026,0.0048,,Glass Identification,Scatter Code,50,50,54.93
Wisard,2025-05-24 23:29:04,0.0031,0.0051,0.0082,,Glass Identification,Scatter Code,50,50,54.93
Wisard,2025-05-24 23:29:09,0.0030,0.0038,0.0067,,Glass Identification,Scatter Code,50,50,59.15
Wisard,2025-05-24 23:29:15,0.0021,0.0025,0.0045,,Glass Identification,Scatter Code,50,50,57.75
Wisard,2025-05-24 23:29:20,0.0030,0.0034,0.0064,,Glass Identification,Scatter Code,50,50,56.34
Wisard,2025-05-24 23:29:26,0.0029,0.0035,0.0064,,Glass Identification,Scatter Code,50,50,56.34
Wisard,2025-05-24 23:35:36,81.3587,143.2992,224.6580,,MNIST,Scatter Code,50,50,95.59
Wisard,2025-05-24 23:41:01,66.1864,151.7060,217.8924,,MNIST,Scatter Code,50,50,95.65
Wisard,2025-05-24 23:46:58,80.0118,165.9734,245.9852,,MNIST,Scatter Code,50,50,95.6
Wisard,2025-05-24 23:53:17,81.0724,162.4382,243.5107,,MNIST,Scatter Code,50,50,95.61
Wisard,2025-05-24 23:59:37,80.9099,165.6293,246.5392,,MNIST,Scatter Code,50,50,95.58
Wisard,2025-05-25 00:05:17,80.0913,153.5367,233.6280,,MNIST,Scatter Code,50,50,95.53
Wisard,2025-05-25 00:10:57,74.9344,145.7088,220.6432,,MNIST,Scatter Code,50,50,95.54
Wisard,2025-05-25 00:16:23,70.7290,141.5248,212.2538,,MNIST,Scatter Code,50,50,95.59
Wisard,2025-05-25 00:21:41,68.7581,143.2240,211.9821,,MNIST,Scatter Code,50,50,95.61
Wisard,2025-05-25 00:26:40,68.9430,138.3042,207.2472,,MNIST,Scatter Code,50,50,95.5
Wisard,2025-05-25 00:27:00,0.3686,0.4694,0.8380,,Optical Recognition of Handwritten Digits,Scatter Code,50,50,97.9
Wisard,2025-05-25 00:27:07,0.3560,0.4467,0.8028,,Optical Recognition of Handwritten Digits,Scatter Code,50,50,97.47
Wisard,2025-05-25 00:27:15,0.3713,0.4312,0.8025,,Optical Recognition of Handwritten Digits,Scatter Code,50,50,97.57
Wisard,2025-05-25 00:27:22,0.3775,0.4443,0.8218,,Optical Recognition of Handwritten Digits,Scatter Code,50,50,97.63
Wisard,2025-05-25 00:27:29,0.3594,0.4430,0.8024,,Optical Recognition of Handwritten Digits,Scatter Code,50,50,98.11
Wisard,2025-05-25 00:27:36,0.3831,0.4521,0.8352,,Optical Recognition of Handwritten Digits,Scatter Code,50,50,97.47
Wisard,2025-05-25 00:27:44,0.3769,0.4452,0.8221,,Optical Recognition of Handwritten Digits,Scatter Code,50,50,97.52
Wisard,2025-05-25 00:27:51,0.3782,0.4762,0.8544,,Optical Recognition of Handwritten Digits,Scatter Code,50,50,97.95
Wisard,2025-05-25 00:27:58,0.3841,0.5108,0.8950,,Optical Recognition of Handwritten Digits,Scatter Code,50,50,97.47
Wisard,2025-05-25 00:28:06,0.3532,0.4646,0.8178,,Optical Recognition of Handwritten Digits,Scatter Code,50,50,97.79
Wisard,2025-05-25 00:28:13,0.0059,0.0034,0.0093,,Image Segmentation,Scatter Code,50,50,68.57
Wisard,2025-05-25 00:28:19,0.0035,0.0037,0.0072,,Image Segmentation,Scatter Code,50,50,62.86
Wisard,2025-05-25 00:28:25,0.0034,0.0032,0.0067,,Image Segmentation,Scatter Code,50,50,70.0
Wisard,2025-05-25 00:28:31,0.0038,0.0033,0.0071,,Image Segmentation,Scatter Code,50,50,70.0
Wisard,2025-05-25 00:28:37,0.0036,0.0033,0.0070,,Image Segmentation,Scatter Code,50,50,67.14
Wisard,2025-05-25 00:28:43,0.0034,0.0032,0.0067,,Image Segmentation,Scatter Code,50,50,62.86
Wisard,2025-05-25 00:28:50,0.0048,0.0033,0.0081,,Image Segmentation,Scatter Code,50,50,65.71
Wisard,2025-05-25 00:28:56,0.0036,0.0032,0.0068,,Image Segmentation,Scatter Code,50,50,71.43
Wisard,2025-05-25 00:29:02,0.0037,0.0033,0.0070,,Image Segmentation,Scatter Code,50,50,74.29
Wisard,2025-05-25 00:29:08,0.0035,0.0033,0.0068,,Image Segmentation,Scatter Code,50,50,71.43
Wisard,2025-05-25 00:31:13,0.3664,115.3688,115.7352,,Statlog (Shuttle),Scatter Code,100,50,78.98
Wisard,2025-05-25 00:33:13,0.3489,113.5306,113.8796,,Statlog (Shuttle),Scatter Code,100,50,78.98
Wisard,2025-05-25 00:35:12,0.3283,111.8576,112.1859,,Statlog (Shuttle),Scatter Code,100,50,78.98
Wisard,2025-05-25 00:37:12,0.3409,113.0898,113.4307,,Statlog (Shuttle),Scatter Code,100,50,78.98
Wisard,2025-05-25 00:39:12,0.3373,112.9938,113.3311,,Statlog (Shuttle),Scatter Code,100,50,78.98
Wisard,2025-05-25 00:41:15,0.3450,116.1967,116.5417,,Statlog (Shuttle),Scatter Code,100,50,78.98
Wisard,2025-05-25 00:43:17,0.3903,114.6620,115.0523,,Statlog (Shuttle),Scatter Code,100,50,78.98
Wisard,2025-05-25 00:45:18,0.3515,114.2904,114.6420,,Statlog (Shuttle),Scatter Code,100,50,78.98
Wisard,2025-05-25 00:47:21,0.3574,115.5039,115.8613,,Statlog (Shuttle),Scatter Code,100,50,78.98
Wisard,2025-05-25 00:49:23,0.3254,115.2969,115.6224,,Statlog (Shuttle),Scatter Code,100,50,78.98
Wisard,2025-05-25 00:49:31,0.0021,0.0121,0.0142,,Ecoli,Scatter Code,100,50,45.95
Wisard,2025-05-25 00:49:36,0.0021,0.0121,0.0142,,Ecoli,Scatter Code,100,50,45.95
Wisard,2025-05-25 00:49:42,0.0039,0.0094,0.0132,,Ecoli,Scatter Code,100,50,45.95
Wisard,2025-05-25 00:49:48,0.0029,0.0092,0.0121,,Ecoli,Scatter Code,100,50,45.95
Wisard,2025-05-25 00:49:54,0.0028,0.0125,0.0153,,Ecoli,Scatter Code,100,50,45.95
Wisard,2025-05-25 00:49:59,0.0020,0.0154,0.0174,,Ecoli,Scatter Code,100,50,45.95
Wisard,2025-05-25 00:50:05,0.0025,0.0129,0.0154,,Ecoli,Scatter Code,100,50,45.95
Wisard,2025-05-25 00:50:11,0.0020,0.0093,0.0113,,Ecoli,Scatter Code,100,50,45.95
Wisard,2025-05-25 00:50:17,0.0022,0.0119,0.0141,,Ecoli,Scatter Code,100,50,45.95
Wisard,2025-05-25 00:50:23,0.0021,0.0093,0.0114,,Ecoli,Scatter Code,100,50,45.95
Wisard,2025-05-25 00:50:30,0.0006,0.0012,0.0018,,Iris,Scatter Code,100,50,30.0
Wisard,2025-05-25 00:50:36,0.0006,0.0013,0.0019,,Iris,Scatter Code,100,50,30.0
Wisard,2025-05-25 00:50:41,0.0006,0.0012,0.0019,,Iris,Scatter Code,100,50,30.0
Wisard,2025-05-25 00:50:47,0.0007,0.0013,0.0019,,Iris,Scatter Code,100,50,30.0
Wisard,2025-05-25 00:50:53,0.0006,0.0012,0.0018,,Iris,Scatter Code,100,50,30.0
Wisard,2025-05-25 00:50:59,0.0006,0.0012,0.0018,,Iris,Scatter Code,100,50,30.0
Wisard,2025-05-25 00:51:05,0.0007,0.0013,0.0020,,Iris,Scatter Code,100,50,30.0
Wisard,2025-05-25 00:51:11,0.0010,0.0134,0.0144,,Iris,Scatter Code,100,50,30.0
Wisard,2025-05-25 00:51:16,0.0007,0.0012,0.0019,,Iris,Scatter Code,100,50,30.0
Wisard,2025-05-25 00:51:22,0.0007,0.0013,0.0020,,Iris,Scatter Code,100,50,30.0
Wisard,2025-05-25 00:51:36,0.0659,5.4288,5.4947,,Wine Quality,Scatter Code,100,50,45.55
Wisard,2025-05-25 00:51:47,0.0536,5.5696,5.6232,,Wine Quality,Scatter Code,100,50,45.55
Wisard,2025-05-25 00:51:59,0.0551,5.4872,5.5423,,Wine Quality,Scatter Code,100,50,45.55
Wisard,2025-05-25 00:52:11,0.1257,5.5185,5.6442,,Wine Quality,Scatter Code,100,50,45.55
Wisard,2025-05-25 00:52:22,0.0636,5.7343,5.7979,,Wine Quality,Scatter Code,100,50,45.55
Wisard,2025-05-25 00:52:34,0.0562,5.5305,5.5867,,Wine Quality,Scatter Code,100,50,45.55
Wisard,2025-05-25 00:52:45,0.0595,5.6617,5.7212,,Wine Quality,Scatter Code,100,50,45.55
Wisard,2025-05-25 00:52:57,0.0584,5.6969,5.7553,,Wine Quality,Scatter Code,100,50,45.55
Wisard,2025-05-25 00:53:08,0.0665,5.5233,5.5898,,Wine Quality,Scatter Code,100,50,45.55
Wisard,2025-05-25 00:53:20,0.0638,5.4587,5.5225,,Wine Quality,Scatter Code,100,50,45.55
Wisard,2025-05-25 00:53:27,0.0146,0.1464,0.1610,,Statlog (Vehicle Silhouettes),Scatter Code,100,50,20.0
Wisard,2025-05-25 00:53:33,0.0112,0.1433,0.1545,,Statlog (Vehicle Silhouettes),Scatter Code,100,50,20.0
Wisard,2025-05-25 00:53:39,0.0112,0.1429,0.1541,,Statlog (Vehicle Silhouettes),Scatter Code,100,50,20.0
Wisard,2025-05-25 00:53:45,0.0110,0.1432,0.1543,,Statlog (Vehicle Silhouettes),Scatter Code,100,50,20.0
Wisard,2025-05-25 00:53:51,0.0251,0.1576,0.1826,,Statlog (Vehicle Silhouettes),Scatter Code,100,50,20.0
Wisard,2025-05-25 00:53:57,0.0111,0.1425,0.1536,,Statlog (Vehicle Silhouettes),Scatter Code,100,50,20.0
Wisard,2025-05-25 00:54:03,0.0110,0.1415,0.1526,,Statlog (Vehicle Silhouettes),Scatter Code,100,50,20.0
Wisard,2025-05-25 00:54:09,0.0110,0.1527,0.1638,,Statlog (Vehicle Silhouettes),Scatter Code,100,50,20.0
Wisard,2025-05-25 00:54:15,0.0112,0.1421,0.1533,,Statlog (Vehicle Silhouettes),Scatter Code,100,50,20.0
Wisard,2025-05-25 00:54:21,0.0153,0.1410,0.1562,,Statlog (Vehicle Silhouettes),Scatter Code,100,50,20.0
Wisard,2025-05-25 00:54:28,0.0051,0.0675,0.0726,,Maternal Health Risk,Scatter Code,100,50,38.21
Wisard,2025-05-25 00:54:34,0.0049,0.0740,0.0789,,Maternal Health Risk,Scatter Code,100,50,38.21
Wisard,2025-05-25 00:54:39,0.0057,0.0643,0.0700,,Maternal Health Risk,Scatter Code,100,50,38.21
Wisard,2025-05-25 00:54:45,0.0049,0.0649,0.0699,,Maternal Health Risk,Scatter Code,100,50,38.21
Wisard,2025-05-25 00:54:51,0.0050,0.0669,0.0719,,Maternal Health Risk,Scatter Code,100,50,38.21
Wisard,2025-05-25 00:54:57,0.0051,0.0643,0.0694,,Maternal Health Risk,Scatter Code,100,50,38.21
Wisard,2025-05-25 00:55:03,0.0056,0.0617,0.0673,,Maternal Health Risk,Scatter Code,100,50,38.21
Wisard,2025-05-25 00:55:09,0.0051,0.0647,0.0698,,Maternal Health Risk,Scatter Code,100,50,38.21
Wisard,2025-05-25 00:55:15,0.0050,0.0642,0.0692,,Maternal Health Risk,Scatter Code,100,50,38.21
Wisard,2025-05-25 00:55:21,0.0064,0.0705,0.0769,,Maternal Health Risk,Scatter Code,100,50,38.21
Wisard,2025-05-25 00:55:27,0.0016,0.0050,0.0067,,Glass Identification,Scatter Code,100,50,35.21
Wisard,2025-05-25 00:55:33,0.0018,0.0073,0.0092,,Glass Identification,Scatter Code,100,50,35.21
Wisard,2025-05-25 00:55:39,0.0031,0.0068,0.0099,,Glass Identification,Scatter Code,100,50,35.21
Wisard,2025-05-25 00:55:45,0.0018,0.0050,0.0068,,Glass Identification,Scatter Code,100,50,35.21
Wisard,2025-05-25 00:55:51,0.0020,0.0052,0.0071,,Glass Identification,Scatter Code,100,50,35.21
Wisard,2025-05-25 00:55:57,0.0018,0.0052,0.0071,,Glass Identification,Scatter Code,100,50,35.21
Wisard,2025-05-25 00:56:03,0.0018,0.0054,0.0072,,Glass Identification,Scatter Code,100,50,35.21
Wisard,2025-05-25 00:56:08,0.0017,0.0050,0.0067,,Glass Identification,Scatter Code,100,50,35.21
Wisard,2025-05-25 00:56:14,0.0018,0.0051,0.0069,,Glass Identification,Scatter Code,100,50,35.21
Wisard,2025-05-25 00:56:20,0.0020,0.0052,0.0072,,Glass Identification,Scatter Code,100,50,35.21
Wisard,2025-05-25 08:32:22,49.2450,27189.1180,27238.3630,,MNIST,Scatter Code,100,50,11.27
Wisard,2025-05-25 16:06:01,49.2128,27059.3095,27108.5223,,MNIST,Scatter Code,100,50,11.27
Wisard,2025-05-25 23:42:27,49.2899,27227.1180,27276.4079,,MNIST,Scatter Code,100,50,11.27
Wisard,2025-05-26 07:13:23,48.9306,26916.9970,26965.9276,,MNIST,Scatter Code,100,50,11.27
Wisard,2025-05-26 14:46:04,47.1995,27004.8592,27052.0588,,MNIST,Scatter Code,100,50,11.27
Wisard,2025-05-26 22:35:51,58.5955,27985.0063,28043.6018,,MNIST,Scatter Code,100,50,11.27
Wisard,2025-05-27 06:05:09,48.2765,26821.8402,26870.1167,,MNIST,Scatter Code,100,50,11.27
Wisard,2025-05-27 13:32:11,49.2501,26672.5130,26721.7631,,MNIST,Scatter Code,100,50,11.27
